-- ============================================================
-- KRO-9: Seed data — kids, chores, and assignments
-- ============================================================
-- Run after migration 20260329000000_chore_schema.sql
-- Safe to re-run: uses ON CONFLICT DO NOTHING

-- ------------------------------------------------------------
-- Kids
-- ------------------------------------------------------------
INSERT INTO kids (id, name, emoji, color, points_per_kernel, kernel_target) VALUES
  ('00000000-0000-0000-0000-000000000001', 'Emery',   '🎀', '#ec4899', 2, 4),
  ('00000000-0000-0000-0000-000000000002', 'Lincoln', '🏈', '#10b981', 3, 8)
ON CONFLICT (id) DO NOTHING;

-- ------------------------------------------------------------
-- Chores
-- ------------------------------------------------------------
-- Weekly chores (both kids)
INSERT INTO chores (id, label, reset_cadence, point_value, sort_order) VALUES
  ('10000000-0000-0000-0000-000000000001', 'Clean your room',                  'weekly', 3, 10),
  ('10000000-0000-0000-0000-000000000002', 'Put away clothes',                 'weekly', 3, 20),
  ('10000000-0000-0000-0000-000000000003', 'Put all toys away on main floor',  'weekly', 3, 30)
ON CONFLICT (id) DO NOTHING;

-- Daily chores (both kids)
INSERT INTO chores (id, label, reset_cadence, point_value, sort_order) VALUES
  ('20000000-0000-0000-0000-000000000001', 'Plate to the sink',          'daily', 1, 10),
  ('20000000-0000-0000-0000-000000000002', 'Clean up cabinet papers',    'daily', 1, 20),
  ('20000000-0000-0000-0000-000000000003', 'All dirty clothes in hamper','daily', 1, 30),
  ('20000000-0000-0000-0000-000000000004', 'Shoes by the door at night', 'daily', 1, 40),
  ('20000000-0000-0000-0000-000000000005', 'Finish your supper',         'daily', 1, 50),
  ('20000000-0000-0000-0000-000000000006', 'Shower / bath',              'daily', 1, 60),
  ('20000000-0000-0000-0000-000000000007', 'Set out clothes for tomorrow','daily', 1, 70),
  ('20000000-0000-0000-0000-000000000008', '30 min of reading',          'daily', 2, 80),
  ('20000000-0000-0000-0000-000000000009', '30 min of exercise',         'daily', 2, 90)
ON CONFLICT (id) DO NOTHING;

-- Daily chores (Lincoln only)
INSERT INTO chores (id, label, reset_cadence, point_value, sort_order) VALUES
  ('30000000-0000-0000-0000-000000000001', 'Backpack in the closet',          'daily', 1, 100),
  ('30000000-0000-0000-0000-000000000002', 'Clean dining room after supper',  'daily', 2, 110)
ON CONFLICT (id) DO NOTHING;

-- Daily chores (Emery only)
INSERT INTO chores (id, label, reset_cadence, point_value, sort_order) VALUES
  ('40000000-0000-0000-0000-000000000001', 'Brush teeth', 'daily', 1, 100)
ON CONFLICT (id) DO NOTHING;

-- ------------------------------------------------------------
-- Assignments
-- ------------------------------------------------------------

-- Weekly chores → both kids
INSERT INTO chore_kid_assignments (chore_id, kid_id) VALUES
  ('10000000-0000-0000-0000-000000000001', '00000000-0000-0000-0000-000000000001'), -- Emery
  ('10000000-0000-0000-0000-000000000001', '00000000-0000-0000-0000-000000000002'), -- Lincoln
  ('10000000-0000-0000-0000-000000000002', '00000000-0000-0000-0000-000000000001'),
  ('10000000-0000-0000-0000-000000000002', '00000000-0000-0000-0000-000000000002'),
  ('10000000-0000-0000-0000-000000000003', '00000000-0000-0000-0000-000000000001'),
  ('10000000-0000-0000-0000-000000000003', '00000000-0000-0000-0000-000000000002')
ON CONFLICT (chore_id, kid_id) DO NOTHING;

-- Daily chores → both kids
INSERT INTO chore_kid_assignments (chore_id, kid_id) VALUES
  ('20000000-0000-0000-0000-000000000001', '00000000-0000-0000-0000-000000000001'),
  ('20000000-0000-0000-0000-000000000001', '00000000-0000-0000-0000-000000000002'),
  ('20000000-0000-0000-0000-000000000002', '00000000-0000-0000-0000-000000000001'),
  ('20000000-0000-0000-0000-000000000002', '00000000-0000-0000-0000-000000000002'),
  ('20000000-0000-0000-0000-000000000003', '00000000-0000-0000-0000-000000000001'),
  ('20000000-0000-0000-0000-000000000003', '00000000-0000-0000-0000-000000000002'),
  ('20000000-0000-0000-0000-000000000004', '00000000-0000-0000-0000-000000000001'),
  ('20000000-0000-0000-0000-000000000004', '00000000-0000-0000-0000-000000000002'),
  ('20000000-0000-0000-0000-000000000005', '00000000-0000-0000-0000-000000000001'),
  ('20000000-0000-0000-0000-000000000005', '00000000-0000-0000-0000-000000000002'),
  ('20000000-0000-0000-0000-000000000006', '00000000-0000-0000-0000-000000000001'),
  ('20000000-0000-0000-0000-000000000006', '00000000-0000-0000-0000-000000000002'),
  ('20000000-0000-0000-0000-000000000007', '00000000-0000-0000-0000-000000000001'),
  ('20000000-0000-0000-0000-000000000007', '00000000-0000-0000-0000-000000000002'),
  ('20000000-0000-0000-0000-000000000008', '00000000-0000-0000-0000-000000000001'),
  ('20000000-0000-0000-0000-000000000008', '00000000-0000-0000-0000-000000000002'),
  ('20000000-0000-0000-0000-000000000009', '00000000-0000-0000-0000-000000000001'),
  ('20000000-0000-0000-0000-000000000009', '00000000-0000-0000-0000-000000000002')
ON CONFLICT (chore_id, kid_id) DO NOTHING;

-- Lincoln-only daily chores
INSERT INTO chore_kid_assignments (chore_id, kid_id) VALUES
  ('30000000-0000-0000-0000-000000000001', '00000000-0000-0000-0000-000000000002'),
  ('30000000-0000-0000-0000-000000000002', '00000000-0000-0000-0000-000000000002')
ON CONFLICT (chore_id, kid_id) DO NOTHING;

-- Emery-only daily chores
INSERT INTO chore_kid_assignments (chore_id, kid_id) VALUES
  ('40000000-0000-0000-0000-000000000001', '00000000-0000-0000-0000-000000000001')
ON CONFLICT (chore_id, kid_id) DO NOTHING;
